Origin,Destination,FFE Per Week,Revenue 1,Transit Time
AOLAD,AEJEA,1.0,2290,47
AUBNE,AEJEA,82.0,1730,26
BEANR,AEJEA,66.0,1060,23
BEZEE,AEJEA,86.0,990,28
BRSSZ,AEJEA,394.0,2030,36
CAMTR,AEJEA,39.0,2470,39
CAVAN,AEJEA,91.0,2120,42
CLSAI,AEJEA,4.0,1520,46
CNSHA,AEJEA,430.0,1030,25
CNTAO,AEJEA,323.0,1130,26
CNYTN,AEJEA,316.0,1100,20
DEBRV,AEJEA,387.0,990,22
DEHAM,AEJEA,11.0,970,27
ECGYE,AEJEA,32.0,2040,43
EGPSD,AEJEA,210.0,940,11
ESALG,AEJEA,60.0,930,18
ESBCN,AEJEA,34.0,980,25
GBFXT,AEJEA,156.0,930,25
GHTKD,AEJEA,30.0,2070,31
HKHKG,AEJEA,327.0,1150,19
INNSA,AEJEA,169.0,290,6
ITGIT,AEJEA,410.0,980,17
JPYOK,AEJEA,355.0,2120,29
KEMBA,AEJEA,83.0,1420,17
KRPUS,AEJEA,246.0,1300,30
LKCMB,AEJEA,62.0,290,10
MAPTM,AEJEA,6.0,970,23
MYPKG,AEJEA,43.0,1010,15
MYTPP,AEJEA,300.0,1030,11
NGAPP,AEJEA,51.0,2140,33
NLRTM,AEJEA,355.0,940,22
NZAKL,AEJEA,42.0,1790,33
OMSLL,AEJEA,29.0,590,6
PAMIT,AEJEA,9.0,2140,39
PKBQM,AEJEA,7.0,310,13
SAJED,AEJEA,48.0,590,11
SGSIN,AEJEA,19.0,1010,15
TRAMB,AEJEA,60.0,920,22
TWKHH,AEJEA,18.0,1100,25
USCHS,AEJEA,435.0,920,33
USEWR,AEJEA,383.0,960,27
USLAX,AEJEA,13.0,1920,44
USMIA,AEJEA,114.0,1910,35
UYMVD,AEJEA,7.0,2090,48
ZADUR,AEJEA,256.0,1430,19
AEJEA,AOLAD,212.0,2370,35
BEANR,AOLAD,28.0,1670,25
BRSSZ,AOLAD,133.0,3320,28
CAMTR,AOLAD,24.0,3160,52
CLSAI,AOLAD,2.0,3060,50
CNSHA,AOLAD,163.0,3620,32
CNTAO,AOLAD,46.0,3760,39
CNYTN,AOLAD,55.0,2640,30
DEBRV,AOLAD,13.0,1730,26
EGPSD,AOLAD,31.0,1690,28
ESALG,AOLAD,22.0,1690,17
ESBCN,AOLAD,3.0,1780,29
HKHKG,AOLAD,71.0,3360,32
INNSA,AOLAD,100.0,2440,28
ITGIT,AOLAD,169.0,1760,19
JPYOK,AOLAD,12.0,5010,36
KRPUS,AOLAD,7.0,3140,45
LKCMB,AOLAD,8.0,2390,28
MAPTM,AOLAD,1.0,1680,24
MYPKG,AOLAD,9.0,2410,24
MYTPP,AOLAD,41.0,2440,23
NGAPP,AOLAD,8.0,510,15
NLRTM,AOLAD,36.0,1780,27
NZAKL,AOLAD,5.0,3060,50
OMSLL,AOLAD,3.0,2100,37
SAJED,AOLAD,5.0,2080,29
SGSIN,AOLAD,23.0,2400,25
TRAMB,AOLAD,9.0,1670,31
TWKHH,AOLAD,3.0,2370,46
USCHS,AOLAD,31.0,2170,33
USEWR,AOLAD,18.0,2110,42
USLAX,AOLAD,2.0,2880,46
USMIA,AOLAD,21.0,2610,40
UYMVD,AOLAD,93.0,3250,20
ZADUR,AOLAD,53.0,1190,11
AEJEA,AUBNE,97.0,1960,24
BEANR,AUBNE,6.0,2710,50
BEZEE,AUBNE,4.0,2690,52
BRSSZ,AUBNE,1.0,2780,64
CAVAN,AUBNE,12.0,4320,30
CLSAI,AUBNE,57.0,3910,33
CNSHA,AUBNE,231.0,2620,15
CNTAO,AUBNE,164.0,2640,19
CNYTN,AUBNE,126.0,2260,15
DEBRV,AUBNE,179.0,2440,40
DEHAM,AUBNE,38.0,2530,49
ECGYE,AUBNE,7.0,4040,29
EGPSD,AUBNE,23.0,2520,36
ESALG,AUBNE,17.0,2590,42
ESBCN,AUBNE,2.0,2660,56
GBFXT,AUBNE,113.0,2450,45
HKHKG,AUBNE,270.0,2270,13
INNSA,AUBNE,23.0,2070,33
ITGIT,AUBNE,151.0,2480,35
JPYOK,AUBNE,74.0,2300,23
KRPUS,AUBNE,174.0,2200,20
LKCMB,AUBNE,6.0,2120,30
MYPKG,AUBNE,25.0,1990,14
MYTPP,AUBNE,301.0,2020,15
NLRTM,AUBNE,259.0,2520,44
NZAKL,AUBNE,341.0,410,4
PABLB,AUBNE,10.0,4410,30
PAMIT,AUBNE,12.0,4320,36
PKBQM,AUBNE,19.0,2120,38
SAJED,AUBNE,12.0,2170,31
SGSIN,AUBNE,84.0,2140,14
TRAMB,AUBNE,16.0,2530,35
TWKHH,AUBNE,74.0,2060,20
USCHS,AUBNE,211.0,3970,28
USLAX,AUBNE,83.0,4010,24
USMIA,AUBNE,35.0,4100,37
UYMVD,AUBNE,22.0,2580,63
ZADUR,AUBNE,6.0,2580,37
AEJEA,BEANR,12.0,1640,25
BEZEE,BEANR,11.0,1250,15
BRSSZ,BEANR,111.0,2020,18
CAMTR,BEANR,15.0,1670,20
CAVAN,BEANR,4.0,3100,59
CLSAI,BEANR,12.0,2680,26
CNSHA,BEANR,158.0,3120,36
CNTAO,BEANR,38.0,2940,38
CNYTN,BEANR,167.0,2940,31
DEBRV,BEANR,15.0,410,4
ECGYE,BEANR,23.0,2690,22
EGPSD,BEANR,20.0,870,19
ESALG,BEANR,18.0,780,5
GBFXT,BEANR,1.0,620,10
GHTKD,BEANR,15.0,1620,17
HKHKG,BEANR,82.0,2720,29
INNSA,BEANR,18.0,2130,25
ITGIT,BEANR,50.0,850,13
JPYOK,BEANR,40.0,3510,37
KEMBA,BEANR,35.0,2090,38
KRPUS,BEANR,29.0,3350,38
LKCMB,BEANR,50.0,2120,26
MAPTM,BEANR,4.0,840,10
MYPKG,BEANR,2.0,2870,37
MYTPP,BEANR,92.0,2680,25
NGAPP,BEANR,276.0,1410,15
NLRTM,BEANR,2.0,1200,13
NZAKL,BEANR,8.0,3160,40
OMSLL,BEANR,5.0,1370,34
PABLB,BEANR,3.0,2950,26
PAMIT,BEANR,13.0,1920,27
PKBQM,BEANR,5.0,2220,28
SAJED,BEANR,14.0,1340,19
SGSIN,BEANR,2.0,2800,30
TRAMB,BEANR,3.0,850,22
TWKHH,BEANR,20.0,2870,38
USCHS,BEANR,13.0,1360,15
USEWR,BEANR,14.0,1390,19
USMIA,BEANR,18.0,1750,18
UYMVD,BEANR,20.0,1980,26
ZADUR,BEANR,133.0,1940,26
AEJEA,BEZEE,65.0,1560,28
AUBNE,BEZEE,9.0,3330,55
BRSSZ,BEZEE,14.0,1870,18
CNSHA,BEZEE,193.0,3070,42
CNTAO,BEZEE,16.0,3010,47
CNYTN,BEZEE,185.0,3240,35
ECGYE,BEZEE,6.0,2570,23
EGPSD,BEZEE,16.0,850,17
GHTKD,BEZEE,1.0,1760,19
HKHKG,BEZEE,114.0,2650,39
INNSA,BEZEE,38.0,2040,25
ITGIT,BEZEE,8.0,790,13
JPYOK,BEZEE,12.0,3350,47
KEMBA,BEZEE,11.0,1940,36
KRPUS,BEZEE,9.0,3420,43
LKCMB,BEZEE,88.0,2060,24
MYPKG,BEZEE,13.0,2600,34
MYTPP,BEZEE,259.0,2700,30
NGAPP,BEZEE,1.0,1440,21
NZAKL,BEZEE,43.0,3100,49
OMSLL,BEZEE,40.0,1400,20
PAMIT,BEZEE,4.0,2150,19
PKBQM,BEZEE,13.0,2050,29
SAJED,BEZEE,62.0,1380,16
SGSIN,BEZEE,6.0,2590,37
TRAMB,BEZEE,17.0,790,17
TWKHH,BEZEE,22.0,2760,43
UYMVD,BEZEE,4.0,2630,33
AEJEA,BRSSZ,3.0,2740,42
AUBNE,BRSSZ,3.0,3830,57
BEANR,BRSSZ,72.0,1840,27
BEZEE,BRSSZ,10.0,1720,25
CNSHA,BRSSZ,477.0,3970,42
CNTAO,BRSSZ,114.0,3650,40
CNYTN,BRSSZ,99.0,4050,37
DEBRV,BRSSZ,19.0,1780,21
DEHAM,BRSSZ,7.0,1810,19
ECGYE,BRSSZ,10.0,1570,36
EGPSD,BRSSZ,4.0,2070,35
ESALG,BRSSZ,18.0,1780,18
GBFXT,BRSSZ,13.0,2120,26
HKHKG,BRSSZ,319.0,3830,35
INNSA,BRSSZ,37.0,2650,42
ITGIT,BRSSZ,15.0,1960,25
JPYOK,BRSSZ,92.0,3540,46
KRPUS,BRSSZ,139.0,3810,45
LKCMB,BRSSZ,20.0,2620,44
MAPTM,BRSSZ,1.0,1900,27
MYPKG,BRSSZ,9.0,3800,38
MYTPP,BRSSZ,121.0,3860,31
NGAPP,BRSSZ,1.0,3260,25
NLRTM,BRSSZ,37.0,1810,26
NZAKL,BRSSZ,1.0,3770,60
OMSLL,BRSSZ,3.0,2000,35
PABLB,BRSSZ,16.0,2820,22
PAMIT,BRSSZ,30.0,2380,20
PKBQM,BRSSZ,2.0,2820,46
SAJED,BRSSZ,5.0,2010,29
SGSIN,BRSSZ,1.0,4090,32
TWKHH,BRSSZ,42.0,3830,35
ZADUR,BRSSZ,7.0,2830,35
BEANR,CAMTR,11.0,1640,14
BRSSZ,CAMTR,3.0,1860,46
DEBRV,CAMTR,153.0,1760,16
ESALG,CAMTR,3.0,1970,23
GBFXT,CAMTR,3.0,1610,19
KEMBA,CAMTR,5.0,3740,45
LKCMB,CAMTR,3.0,2910,47
MAPTM,CAMTR,1.0,2100,33
NGAPP,CAMTR,4.0,2970,34
NLRTM,CAMTR,129.0,1640,15
SAJED,CAMTR,5.0,2310,34
UYMVD,CAMTR,27.0,1760,70
AEJEA,CAVAN,13.0,2240,50
AOLAD,CAVAN,1.0,3520,48
AUBNE,CAVAN,30.0,1760,38
BEANR,CAVAN,38.0,2290,35
CNSHA,CAVAN,346.0,1710,16
CNTAO,CAVAN,192.0,1390,19
CNYTN,CAVAN,513.0,1690,19
DEBRV,CAVAN,10.0,2290,38
GBFXT,CAVAN,5.0,2020,40
HKHKG,CAVAN,418.0,1650,19
INNSA,CAVAN,17.0,1960,45
ITGIT,CAVAN,6.0,2340,52
JPYOK,CAVAN,116.0,1960,18
KEMBA,CAVAN,2.0,3230,63
KRPUS,CAVAN,37.0,1490,16
LKCMB,CAVAN,13.0,2010,27
MYPKG,CAVAN,26.0,1590,25
MYTPP,CAVAN,301.0,1590,30
NLRTM,CAVAN,31.0,2120,27
NZAKL,CAVAN,6.0,1650,21
OMSLL,CAVAN,1.0,2600,38
PABLB,CAVAN,11.0,1230,29
PAMIT,CAVAN,3.0,660,24
PKBQM,CAVAN,1.0,2100,47
SAJED,CAVAN,2.0,3700,50
SGSIN,CAVAN,11.0,1490,22
TWKHH,CAVAN,83.0,1510,17
ZADUR,CAVAN,2.0,3370,46
AEJEA,CLSAI,1.0,2720,49
AOLAD,CLSAI,1.0,2630,53
AUBNE,CLSAI,4.0,2730,37
BEANR,CLSAI,7.0,2220,32
BEZEE,CLSAI,2.0,2250,32
BRSSZ,CLSAI,1.0,2470,30
CNSHA,CLSAI,80.0,2490,38
CNTAO,CLSAI,54.0,2330,45
CNYTN,CLSAI,15.0,2590,42
DEBRV,CLSAI,55.0,2310,31
DEHAM,CLSAI,11.0,2130,26
ECGYE,CLSAI,9.0,400,9
ESALG,CLSAI,33.0,1750,28
ESBCN,CLSAI,2.0,1790,49
GBFXT,CLSAI,4.0,2040,29
HKHKG,CLSAI,126.0,2380,36
INNSA,CLSAI,2.0,2520,58
ITGIT,CLSAI,27.0,1790,33
JPYOK,CLSAI,68.0,2660,32
KRPUS,CLSAI,86.0,2270,37
MYPKG,CLSAI,2.0,2290,56
MYTPP,CLSAI,109.0,2370,39
NLRTM,CLSAI,55.0,2210,23
NZAKL,CLSAI,1.0,2820,33
OMSLL,CLSAI,3.0,2400,69
PABLB,CLSAI,23.0,590,15
PAMIT,CLSAI,16.0,850,20
PKBQM,CLSAI,8.0,2490,52
SAJED,CLSAI,3.0,2220,57
TWKHH,CLSAI,13.0,2310,45
USCHS,CLSAI,36.0,2190,23
USEWR,CLSAI,38.0,2040,23
USLAX,CLSAI,18.0,850,29
USMIA,CLSAI,82.0,1270,16
ZADUR,CLSAI,2.0,2950,48
AEJEA,CNSHA,9.0,650,24
AOLAD,CNSHA,7.0,1430,37
AUBNE,CNSHA,46.0,1050,21
BEANR,CNSHA,15.0,850,33
BEZEE,CNSHA,7.0,720,38
BRSSZ,CNSHA,31.0,1620,38
CAVAN,CNSHA,109.0,1020,18
CLSAI,CNSHA,34.0,1690,40
DEBRV,CNSHA,217.0,750,39
DEHAM,CNSHA,55.0,710,43
ECGYE,CNSHA,10.0,1950,34
EGPSD,CNSHA,18.0,580,26
ESALG,CNSHA,29.0,580,35
ESBCN,CNSHA,1.0,630,42
GBFXT,CNSHA,12.0,870,36
GHTKD,CNSHA,62.0,1390,47
HKHKG,CNSHA,49.0,320,5
INNSA,CNSHA,15.0,480,21
ITGIT,CNSHA,90.0,600,34
JPYOK,CNSHA,3.0,490,7
KEMBA,CNSHA,15.0,1250,30
KRPUS,CNSHA,1.0,330,4
LKCMB,CNSHA,16.0,520,15
MYPKG,CNSHA,2.0,480,15
MYTPP,CNSHA,31.0,350,10
NGAPP,CNSHA,110.0,1360,42
NLRTM,CNSHA,272.0,740,35
NZAKL,CNSHA,34.0,1120,22
OMSLL,CNSHA,1.0,410,26
PABLB,CNSHA,20.0,940,28
PAMIT,CNSHA,40.0,940,40
SAJED,CNSHA,15.0,450,23
SGSIN,CNSHA,21.0,350,10
TRAMB,CNSHA,2.0,580,43
USCHS,CNSHA,196.0,1340,44
USEWR,CNSHA,143.0,1240,46
USLAX,CNSHA,307.0,990,26
USMIA,CNSHA,10.0,1880,42
UYMVD,CNSHA,38.0,1630,47
ZADUR,CNSHA,131.0,1230,24
AEJEA,CNTAO,30.0,710,26
AUBNE,CNTAO,72.0,1190,21
BEANR,CNTAO,13.0,860,40
BEZEE,CNTAO,3.0,890,33
BRSSZ,CNTAO,6.0,1200,57
CAVAN,CNTAO,113.0,1100,17
CLSAI,CNTAO,28.0,2150,39
DEBRV,CNTAO,411.0,820,41
DEHAM,CNTAO,6.0,860,49
ECGYE,CNTAO,46.0,2440,51
EGPSD,CNTAO,43.0,750,33
ESALG,CNTAO,14.0,740,42
ESBCN,CNTAO,1.0,630,54
GBFXT,CNTAO,52.0,920,35
GHTKD,CNTAO,30.0,1370,59
INNSA,CNTAO,13.0,540,21
ITGIT,CNTAO,50.0,690,36
KEMBA,CNTAO,14.0,1400,34
LKCMB,CNTAO,5.0,530,22
MAPTM,CNTAO,1.0,760,45
MYPKG,CNTAO,1.0,400,11
MYTPP,CNTAO,17.0,450,11
NGAPP,CNTAO,15.0,1330,49
NLRTM,CNTAO,244.0,800,35
NZAKL,CNTAO,54.0,1270,25
OMSLL,CNTAO,35.0,470,21
PABLB,CNTAO,50.0,1530,30
PAMIT,CNTAO,8.0,1040,40
SAJED,CNTAO,17.0,460,33
SGSIN,CNTAO,25.0,370,11
TRAMB,CNTAO,6.0,650,36
USCHS,CNTAO,27.0,1460,33
USEWR,CNTAO,20.0,1370,50
USLAX,CNTAO,354.0,1070,19
USMIA,CNTAO,7.0,1450,48
UYMVD,CNTAO,27.0,1000,46
ZADUR,CNTAO,174.0,1380,25
AEJEA,CNYTN,19.0,620,24
AOLAD,CNYTN,4.0,1610,36
AUBNE,CNYTN,4.0,1350,27
BEZEE,CNYTN,2.0,930,39
BRSSZ,CNYTN,3.0,2000,42
CAVAN,CNYTN,71.0,1110,19
CLSAI,CNYTN,6.0,1730,41
CNSHA,CNYTN,2.0,740,11
DEBRV,CNYTN,43.0,900,34
DEHAM,CNYTN,3.0,1090,45
ECGYE,CNYTN,3.0,3540,46
ESALG,CNYTN,18.0,760,34
ESBCN,CNYTN,5.0,750,37
GBFXT,CNYTN,37.0,890,39
GHTKD,CNYTN,3.0,1440,55
HKHKG,CNYTN,136.0,740,3
INNSA,CNYTN,4.0,410,21
ITGIT,CNYTN,12.0,780,38
JPYOK,CNYTN,21.0,860,8
KEMBA,CNYTN,1.0,1030,37
KRPUS,CNYTN,1.0,1210,9
LKCMB,CNYTN,2.0,510,18
MYTPP,CNYTN,95.0,320,7
NGAPP,CNYTN,16.0,1660,54
NLRTM,CNYTN,60.0,880,32
NZAKL,CNYTN,49.0,1150,24
OMSLL,CNYTN,2.0,760,26
PABLB,CNYTN,5.0,3510,45
PAMIT,CNYTN,9.0,1050,31
PKBQM,CNYTN,6.0,410,17
SGSIN,CNYTN,29.0,330,6
TWKHH,CNYTN,78.0,610,5
USCHS,CNYTN,90.0,1390,41
USEWR,CNYTN,7.0,1430,53
USLAX,CNYTN,67.0,1010,20
UYMVD,CNYTN,1.0,1830,52
ZADUR,CNYTN,17.0,970,29
AEJEA,DEBRV,70.0,1700,23
AOLAD,DEBRV,9.0,1610,33
AUBNE,DEBRV,41.0,3250,50
BEANR,DEBRV,22.0,600,11
BEZEE,DEBRV,1.0,420,4
BRSSZ,DEBRV,881.0,1930,18
CAMTR,DEBRV,220.0,1690,16
CAVAN,DEBRV,36.0,2200,57
CLSAI,DEBRV,135.0,2770,32
CNSHA,DEBRV,1.86,3070,36
CNTAO,DEBRV,840.0,2970,40
CNYTN,DEBRV,922.0,2760,32
ECGYE,DEBRV,759.0,2750,21
EGPSD,DEBRV,47.0,820,13
ESALG,DEBRV,159.0,810,9
ESBCN,DEBRV,95.0,980,23
GBFXT,DEBRV,14.0,580,3
GHTKD,DEBRV,23.0,1560,24
HKHKG,DEBRV,819.0,2730,34
INNSA,DEBRV,145.0,2220,28
ITGIT,DEBRV,207.0,790,14
JPYOK,DEBRV,157.0,3230,43
KEMBA,DEBRV,91.0,1920,34
KRPUS,DEBRV,1.605,3390,41
LKCMB,DEBRV,205.0,2170,26
MAPTM,DEBRV,22.0,800,11
MYPKG,DEBRV,140.0,2660,29
MYTPP,DEBRV,1.041,2670,26
NGAPP,DEBRV,57.0,1460,20
NLRTM,DEBRV,138.0,390,4
NZAKL,DEBRV,34.0,3300,47
PABLB,DEBRV,10.0,2940,24
PAMIT,DEBRV,105.0,1830,24
PKBQM,DEBRV,90.0,2170,27
SAJED,DEBRV,20.0,1370,18
SGSIN,DEBRV,34.0,2650,32
TRAMB,DEBRV,96.0,840,18
TWKHH,DEBRV,164.0,2610,39
USCHS,DEBRV,539.0,1250,15
USEWR,DEBRV,162.0,1310,16
USLAX,DEBRV,2.0,2410,50
USMIA,DEBRV,175.0,1700,18
UYMVD,DEBRV,364.0,1990,27
ZADUR,DEBRV,251.0,2030,23
AEJEA,DEHAM,2.0,1740,31
AUBNE,DEHAM,7.0,3200,46
BRSSZ,DEHAM,6.0,1970,20
CLSAI,DEHAM,3.0,2560,28
CNSHA,DEHAM,202.0,3140,46
CNTAO,DEHAM,60.0,2960,45
CNYTN,DEHAM,115.0,2830,41
ECGYE,DEHAM,3.0,2550,25
EGPSD,DEHAM,4.0,980,23
ESALG,DEHAM,10.0,830,7
GHTKD,DEHAM,8.0,1600,35
HKHKG,DEHAM,109.0,2790,37
INNSA,DEHAM,16.0,2050,27
ITGIT,DEHAM,5.0,980,10
JPYOK,DEHAM,43.0,3270,52
KEMBA,DEHAM,1.0,1970,38
KRPUS,DEHAM,25.0,3470,44
LKCMB,DEHAM,34.0,2220,37
MYPKG,DEHAM,3.0,2720,29
MYTPP,DEHAM,117.0,2670,35
NGAPP,DEHAM,2.0,1350,20
NZAKL,DEHAM,26.0,3310,44
PAMIT,DEHAM,9.0,2060,27
PKBQM,DEHAM,6.0,2220,31
SAJED,DEHAM,1.0,1410,18
SGSIN,DEHAM,5.0,2710,41
TWKHH,DEHAM,45.0,2670,48
USCHS,DEHAM,1.0,1280,17
USEWR,DEHAM,2.0,1210,18
USMIA,DEHAM,6.0,1740,17
UYMVD,DEHAM,5.0,1840,36
ZADUR,DEHAM,7.0,2070,26
AUBNE,ECGYE,1.0,2750,42
BEANR,ECGYE,1.0,2480,31
BRSSZ,ECGYE,2.0,1690,29
CLSAI,ECGYE,2.0,410,22
CNSHA,ECGYE,46.0,2490,38
CNTAO,ECGYE,31.0,2270,43
DEBRV,ECGYE,19.0,2190,27
DEHAM,ECGYE,2.0,2200,29
ESALG,ECGYE,8.0,1740,29
GBFXT,ECGYE,14.0,2310,34
GHTKD,ECGYE,3.0,2940,51
HKHKG,ECGYE,58.0,2500,33
INNSA,ECGYE,5.0,2550,55
ITGIT,ECGYE,4.0,1980,30
JPYOK,ECGYE,3.0,2540,32
KRPUS,ECGYE,19.0,2270,35
LKCMB,ECGYE,7.0,2460,43
MYTPP,ECGYE,17.0,2490,54
NLRTM,ECGYE,18.0,2190,21
NZAKL,ECGYE,2.0,2950,32
OMSLL,ECGYE,6.0,2310,61
PABLB,ECGYE,68.0,840,9
PAMIT,ECGYE,45.0,820,5
PKBQM,ECGYE,1.0,2630,48
SAJED,ECGYE,11.0,2500,54
SGSIN,ECGYE,1.0,2350,39
TWKHH,ECGYE,9.0,2430,42
USCHS,ECGYE,42.0,2090,14
USEWR,ECGYE,10.0,2090,18
USLAX,ECGYE,16.0,860,26
USMIA,ECGYE,38.0,1250,12
ZADUR,ECGYE,1.0,3320,44
AEJEA,EGPSD,122.0,1590,10
AUBNE,EGPSD,14.0,3280,38
BEANR,EGPSD,1.0,800,19
BEZEE,EGPSD,5.0,900,17
BRSSZ,EGPSD,123.0,1790,26
CAMTR,EGPSD,23.0,1620,25
CLSAI,EGPSD,11.0,2250,34
CNSHA,EGPSD,162.0,2830,27
CNTAO,EGPSD,88.0,3450,29
CNYTN,EGPSD,173.0,2930,29
DEBRV,EGPSD,323.0,840,11
DEHAM,EGPSD,22.0,840,19
ESALG,EGPSD,28.0,420,6
ESBCN,EGPSD,3.0,590,22
GBFXT,EGPSD,54.0,790,13
GHTKD,EGPSD,3.0,2510,28
HKHKG,EGPSD,188.0,2770,24
INNSA,EGPSD,132.0,2050,16
ITGIT,EGPSD,98.0,400,6
JPYOK,EGPSD,153.0,3370,27
KEMBA,EGPSD,32.0,2030,21
KRPUS,EGPSD,281.0,3420,27
LKCMB,EGPSD,106.0,2130,14
MAPTM,EGPSD,19.0,480,10
MYPKG,EGPSD,29.0,2770,17
MYTPP,EGPSD,228.0,2610,16
NGAPP,EGPSD,23.0,2150,22
NLRTM,EGPSD,211.0,840,13
NZAKL,EGPSD,16.0,3260,40
OMSLL,EGPSD,43.0,1010,9
PAMIT,EGPSD,1.0,1810,31
PKBQM,EGPSD,13.0,2080,14
SAJED,EGPSD,47.0,1020,6
SGSIN,EGPSD,13.0,2800,30
TRAMB,EGPSD,8.0,420,12
TWKHH,EGPSD,86.0,2650,29
USCHS,EGPSD,98.0,1630,17
USEWR,EGPSD,17.0,1730,28
USLAX,EGPSD,1.0,2240,45
USMIA,EGPSD,201.0,1830,24
UYMVD,EGPSD,50.0,1830,30
ZADUR,EGPSD,9.0,2080,23
AEJEA,ESALG,75.0,1440,18
AOLAD,ESALG,19.0,2300,19
AUBNE,ESALG,7.0,3350,35
BEANR,ESALG,22.0,820,5
BEZEE,ESALG,7.0,960,16
BRSSZ,ESALG,113.0,1850,27
CAMTR,ESALG,3.0,1660,20
CAVAN,ESALG,2.0,2960,43
CLSAI,ESALG,54.0,2300,27
CNSHA,ESALG,541.0,2790,32
CNTAO,ESALG,281.0,3150,39
CNYTN,ESALG,426.0,2730,26
DEBRV,ESALG,150.0,780,6
DEHAM,ESALG,5.0,1060,16
ECGYE,ESALG,118.0,2290,20
EGPSD,ESALG,30.0,400,6
ESBCN,ESALG,9.0,620,13
GBFXT,ESALG,32.0,1020,10
GHTKD,ESALG,27.0,1760,29
HKHKG,ESALG,203.0,2820,28
INNSA,ESALG,62.0,2040,17
ITGIT,ESALG,75.0,410,4
JPYOK,ESALG,51.0,3400,33
KEMBA,ESALG,7.0,2060,27
KRPUS,ESALG,54.0,3500,32
LKCMB,ESALG,61.0,1980,23
MAPTM,ESALG,9.0,680,15
MYPKG,ESALG,7.0,2740,25
MYTPP,ESALG,231.0,2670,27
NGAPP,ESALG,48.0,1970,14
NLRTM,ESALG,104.0,780,7
NZAKL,ESALG,22.0,3380,43
OMSLL,ESALG,21.0,930,13
PABLB,ESALG,2.0,2120,14
PAMIT,ESALG,54.0,1730,14
PKBQM,ESALG,27.0,2160,21
SAJED,ESALG,91.0,950,18
SGSIN,ESALG,12.0,2770,29
TRAMB,ESALG,2.0,420,21
TWKHH,ESALG,51.0,2710,33
USCHS,ESALG,44.0,1640,11
USEWR,ESALG,12.0,1530,22
USMIA,ESALG,34.0,1790,17
UYMVD,ESALG,93.0,1740,33
ZADUR,ESALG,61.0,2110,23
AEJEA,ESBCN,6.0,1550,28
AUBNE,ESBCN,1.0,3430,50
BRSSZ,ESBCN,4.0,1710,25
CLSAI,ESBCN,10.0,2130,34
CNSHA,ESBCN,222.0,2810,35
CNTAO,ESBCN,68.0,3440,41
CNYTN,ESBCN,202.0,2800,28
ECGYE,ESBCN,6.0,2120,29
EGPSD,ESBCN,8.0,410,7
HKHKG,ESBCN,130.0,2880,31
INNSA,ESBCN,9.0,1980,27
ITGIT,ESBCN,4.0,630,10
JPYOK,ESBCN,80.0,3310,40
KEMBA,ESBCN,1.0,2020,28
KRPUS,ESBCN,39.0,3320,31
LKCMB,ESBCN,12.0,2020,20
MAPTM,ESBCN,1.0,490,26
MYPKG,ESBCN,5.0,2830,32
MYTPP,ESBCN,120.0,2730,22
NGAPP,ESBCN,6.0,2090,18
NZAKL,ESBCN,1.0,3550,54
OMSLL,ESBCN,2.0,960,15
PAMIT,ESBCN,5.0,1770,33
PKBQM,ESBCN,5.0,2000,32
SAJED,ESBCN,2.0,970,22
SGSIN,ESBCN,1.0,2620,32
TRAMB,ESBCN,1.0,390,15
TWKHH,ESBCN,23.0,2770,36
USCHS,ESBCN,30.0,1580,21
USMIA,ESBCN,2.0,1840,27
UYMVD,ESBCN,1.0,1920,46
ZADUR,ESBCN,15.0,1950,28
AEJEA,GBFXT,79.0,1580,24
AUBNE,GBFXT,52.0,3220,39
BRSSZ,GBFXT,145.0,1980,21
CAMTR,GBFXT,2.0,1680,20
CLSAI,GBFXT,78.0,2000,27
CNSHA,GBFXT,485.0,3170,36
CNTAO,GBFXT,119.0,2980,38
CNYTN,GBFXT,710.0,3050,31
DEBRV,GBFXT,14.0,600,3
ECGYE,GBFXT,60.0,1940,25
EGPSD,GBFXT,105.0,810,10
ESALG,GBFXT,2.0,1210,9
GHTKD,GBFXT,9.0,2390,19
HKHKG,GBFXT,289.0,2910,32
INNSA,GBFXT,115.0,1890,22
ITGIT,GBFXT,208.0,820,9
JPYOK,GBFXT,33.0,3220,41
KEMBA,GBFXT,25.0,2090,33
KRPUS,GBFXT,49.0,3990,38
LKCMB,GBFXT,242.0,1930,22
MAPTM,GBFXT,6.0,850,70
MYPKG,GBFXT,38.0,2830,30
MYTPP,GBFXT,435.0,2720,25
NGAPP,GBFXT,12.0,1970,17
NLRTM,GBFXT,6.0,840,9
NZAKL,GBFXT,35.0,3170,44
OMSLL,GBFXT,12.0,1360,18
PABLB,GBFXT,1.0,2060,25
PAMIT,GBFXT,142.0,1450,15
PKBQM,GBFXT,31.0,2060,26
SAJED,GBFXT,43.0,1440,14
SGSIN,GBFXT,16.0,2690,29
TRAMB,GBFXT,29.0,840,22
TWKHH,GBFXT,44.0,2830,38
USCHS,GBFXT,126.0,1300,13
USEWR,GBFXT,38.0,1310,17
USLAX,GBFXT,1.0,2820,47
USMIA,GBFXT,51.0,1290,16
UYMVD,GBFXT,24.0,1950,24
ZADUR,GBFXT,313.0,1960,21
AEJEA,GHTKD,192.0,2470,27
AUBNE,GHTKD,6.0,4050,48
BEANR,GHTKD,69.0,1900,13
BRSSZ,GHTKD,40.0,3410,27
CAMTR,GHTKD,19.0,3210,37
CNSHA,GHTKD,281.0,3650,40
CNTAO,GHTKD,123.0,3950,47
CNYTN,GHTKD,156.0,3640,36
DEBRV,GHTKD,96.0,1870,16
DEHAM,GHTKD,2.0,2100,36
EGPSD,GHTKD,86.0,1820,15
ESALG,GHTKD,63.0,1750,31
ESBCN,GHTKD,10.0,1880,14
GBFXT,GHTKD,17.0,1770,21
HKHKG,GHTKD,220.0,3410,34
INNSA,GHTKD,97.0,2500,34
ITGIT,GHTKD,131.0,1860,12
JPYOK,GHTKD,11.0,5180,45
KRPUS,GHTKD,21.0,3330,41
LKCMB,GHTKD,19.0,2600,28
MAPTM,GHTKD,10.0,1870,15
MYPKG,GHTKD,44.0,2670,35
MYTPP,GHTKD,129.0,2580,29
NGAPP,GHTKD,17.0,910,12
NLRTM,GHTKD,178.0,1910,15
NZAKL,GHTKD,2.0,3410,53
OMSLL,GHTKD,1.0,2460,45
PAMIT,GHTKD,1.0,2900,25
PKBQM,GHTKD,17.0,2540,37
SAJED,GHTKD,23.0,2060,19
SGSIN,GHTKD,20.0,2560,37
TRAMB,GHTKD,13.0,2040,24
TWKHH,GHTKD,3.0,2580,41
USCHS,GHTKD,52.0,2170,22
USEWR,GHTKD,88.0,2180,35
USLAX,GHTKD,6.0,3340,42
USMIA,GHTKD,25.0,2720,30
UYMVD,GHTKD,8.0,3400,33
ZADUR,GHTKD,25.0,1570,19
AEJEA,HKHKG,138.0,600,29
AOLAD,HKHKG,10.0,1600,30
AUBNE,HKHKG,145.0,1180,19
BEANR,HKHKG,47.0,910,36
BEZEE,HKHKG,17.0,880,34
BRSSZ,HKHKG,106.0,2810,37
CAVAN,HKHKG,157.0,1180,19
CLSAI,HKHKG,36.0,1700,49
CNYTN,HKHKG,95.0,490,4
DEBRV,HKHKG,313.0,940,33
DEHAM,HKHKG,19.0,920,37
ECGYE,HKHKG,37.0,1710,32
EGPSD,HKHKG,54.0,810,24
ESALG,HKHKG,41.0,800,35
ESBCN,HKHKG,26.0,920,38
GBFXT,HKHKG,165.0,980,35
GHTKD,HKHKG,40.0,1500,32
INNSA,HKHKG,26.0,450,16
ITGIT,HKHKG,136.0,820,32
JPYOK,HKHKG,25.0,900,8
KEMBA,HKHKG,43.0,1220,32
KRPUS,HKHKG,49.0,670,6
LKCMB,HKHKG,23.0,450,11
MAPTM,HKHKG,6.0,1010,46
MYTPP,HKHKG,267.0,330,8
NGAPP,HKHKG,43.0,1470,38
NLRTM,HKHKG,769.0,880,30
NZAKL,HKHKG,74.0,1180,22
OMSLL,HKHKG,12.0,740,35
PABLB,HKHKG,48.0,1180,41
PAMIT,HKHKG,35.0,1170,36
PKBQM,HKHKG,15.0,440,25
SAJED,HKHKG,21.0,760,27
SGSIN,HKHKG,47.0,310,6
TRAMB,HKHKG,29.0,830,40
TWKHH,HKHKG,27.0,310,3
USCHS,HKHKG,113.0,1460,41
USEWR,HKHKG,136.0,1460,44
USLAX,HKHKG,346.0,1050,19
USMIA,HKHKG,32.0,1550,44
UYMVD,HKHKG,43.0,1850,45
ZADUR,HKHKG,293.0,1030,40
AEJEA,INNSA,158.0,470,10
AUBNE,INNSA,15.0,1650,29
BEANR,INNSA,41.0,1440,32
BEZEE,INNSA,55.0,1370,34
BRSSZ,INNSA,6.0,2340,39
CAMTR,INNSA,59.0,2620,58
CAVAN,INNSA,14.0,1800,47
CNSHA,INNSA,124.0,1280,21
CNTAO,INNSA,41.0,1300,28
CNYTN,INNSA,77.0,1260,16
DEBRV,INNSA,538.0,1450,31
DEHAM,INNSA,9.0,1440,33
ECGYE,INNSA,9.0,1340,57
EGPSD,INNSA,20.0,1310,18
ESALG,INNSA,18.0,1310,32
ESBCN,INNSA,10.0,1320,70
GBFXT,INNSA,184.0,1560,31
GHTKD,INNSA,97.0,2100,38
HKHKG,INNSA,52.0,1370,17
ITGIT,INNSA,117.0,1310,23
JPYOK,INNSA,31.0,2080,27
KEMBA,INNSA,28.0,1180,24
KRPUS,INNSA,322.0,1540,23
LKCMB,INNSA,7.0,420,9
MAPTM,INNSA,5.0,1420,40
MYPKG,INNSA,1.0,1110,19
MYTPP,INNSA,34.0,1060,10
NGAPP,INNSA,88.0,2010,30
NLRTM,INNSA,127.0,1420,28
NZAKL,INNSA,10.0,1630,29
OMSLL,INNSA,28.0,610,10
PABLB,INNSA,50.0,1810,40
PAMIT,INNSA,22.0,1790,45
SAJED,INNSA,58.0,590,14
SGSIN,INNSA,13.0,1050,19
TRAMB,INNSA,2.0,1720,36
TWKHH,INNSA,14.0,1060,23
USCHS,INNSA,111.0,1590,39
USEWR,INNSA,254.0,1630,37
USLAX,INNSA,20.0,1700,40
USMIA,INNSA,69.0,2210,49
UYMVD,INNSA,3.0,2210,56
ZADUR,INNSA,93.0,1250,24
AEJEA,ITGIT,231.0,1500,14
AOLAD,ITGIT,6.0,2280,24
AUBNE,ITGIT,22.0,3270,32
BEANR,ITGIT,75.0,800,9
BEZEE,ITGIT,9.0,840,13
BRSSZ,ITGIT,285.0,1750,21
CAMTR,ITGIT,6.0,1820,39
CAVAN,ITGIT,30.0,2380,46
CLSAI,ITGIT,37.0,2240,26
CNSHA,ITGIT,704.0,2860,27
CNTAO,ITGIT,400.0,3210,33
CNYTN,ITGIT,531.0,2700,28
DEBRV,ITGIT,211.0,800,9
DEHAM,ITGIT,11.0,970,17
ECGYE,ITGIT,63.0,2180,24
EGPSD,ITGIT,51.0,410,6
ESALG,ITGIT,91.0,410,6
ESBCN,ITGIT,14.0,530,10
GBFXT,ITGIT,54.0,1000,17
GHTKD,ITGIT,81.0,1920,16
HKHKG,ITGIT,434.0,2750,27
INNSA,ITGIT,222.0,2000,18
JPYOK,ITGIT,181.0,3360,32
KEMBA,ITGIT,21.0,2060,24
KRPUS,ITGIT,195.0,3320,29
LKCMB,ITGIT,197.0,2020,17
MAPTM,ITGIT,7.0,610,17
MYPKG,ITGIT,36.0,2600,21
MYTPP,ITGIT,517.0,2730,22
NGAPP,ITGIT,86.0,1780,16
NLRTM,ITGIT,126.0,780,12
NZAKL,ITGIT,18.0,3210,37
OMSLL,ITGIT,49.0,1060,15
PAMIT,ITGIT,9.0,1940,23
PKBQM,ITGIT,116.0,1980,18
SAJED,ITGIT,80.0,960,8
SGSIN,ITGIT,30.0,2720,29
TRAMB,ITGIT,21.0,600,7
TWKHH,ITGIT,171.0,2730,30
USCHS,ITGIT,176.0,1450,18
USEWR,ITGIT,46.0,1680,25
USLAX,ITGIT,7.0,2520,49
USMIA,ITGIT,120.0,1670,20
UYMVD,ITGIT,71.0,1780,31
ZADUR,ITGIT,100.0,1990,23
AEJEA,JPYOK,6.0,1720,21
AOLAD,JPYOK,5.0,2690,45
AUBNE,JPYOK,246.0,1770,13
BEANR,JPYOK,22.0,1610,42
BRSSZ,JPYOK,52.0,2560,36
CAVAN,JPYOK,468.0,1310,16
CLSAI,JPYOK,60.0,1780,43
CNSHA,JPYOK,9.0,1100,11
CNTAO,JPYOK,13.0,530,10
CNYTN,JPYOK,12.0,1240,7
DEBRV,JPYOK,555.0,1530,36
DEHAM,JPYOK,28.0,1470,45
ECGYE,JPYOK,64.0,1790,34
EGPSD,JPYOK,3.0,1550,32
ESALG,JPYOK,82.0,1540,41
ESBCN,JPYOK,5.0,1560,50
GBFXT,JPYOK,11.0,1410,43
GHTKD,JPYOK,21.0,2590,42
HKHKG,JPYOK,60.0,1500,7
INNSA,JPYOK,8.0,1460,24
ITGIT,JPYOK,86.0,1550,36
KEMBA,JPYOK,13.0,1790,41
KRPUS,JPYOK,16.0,890,5
LKCMB,JPYOK,45.0,1540,17
MAPTM,JPYOK,3.0,1690,51
MYPKG,JPYOK,3.0,1290,14
MYTPP,JPYOK,620.0,1310,9
NGAPP,JPYOK,16.0,2510,49
NLRTM,JPYOK,664.0,1530,36
NZAKL,JPYOK,66.0,1690,15
OMSLL,JPYOK,5.0,3480,25
PABLB,JPYOK,65.0,1690,23
PAMIT,JPYOK,29.0,1180,35
SAJED,JPYOK,1.0,2890,31
SGSIN,JPYOK,83.0,1310,11
TRAMB,JPYOK,8.0,1540,38
TWKHH,JPYOK,6.0,1300,10
USCHS,JPYOK,53.0,1700,38
USEWR,JPYOK,16.0,1680,44
USLAX,JPYOK,426.0,1300,16
USMIA,JPYOK,38.0,1490,38
UYMVD,JPYOK,16.0,2610,50
ZADUR,JPYOK,104.0,1740,28
AEJEA,KEMBA,229.0,1640,17
AUBNE,KEMBA,2.0,2840,35
BEANR,KEMBA,18.0,2380,37
BEZEE,KEMBA,89.0,2360,40
BRSSZ,KEMBA,10.0,2320,48
CAVAN,KEMBA,6.0,4120,48
CNSHA,KEMBA,165.0,2530,28
CNTAO,KEMBA,78.0,2400,34
CNYTN,KEMBA,101.0,1910,22
DEBRV,KEMBA,64.0,2530,38
DEHAM,KEMBA,15.0,2440,46
EGPSD,KEMBA,78.0,2410,21
ESALG,KEMBA,12.0,2500,29
ESBCN,KEMBA,6.0,2430,36
GBFXT,KEMBA,81.0,2450,42
HKHKG,KEMBA,102.0,2450,25
INNSA,KEMBA,102.0,1630,21
ITGIT,KEMBA,55.0,2340,28
JPYOK,KEMBA,89.0,3550,32
KRPUS,KEMBA,35.0,2320,31
LKCMB,KEMBA,60.0,1560,20
MAPTM,KEMBA,2.0,2550,34
MYPKG,KEMBA,4.0,1760,25
MYTPP,KEMBA,71.0,1770,16
NGAPP,KEMBA,6.0,1850,52
NLRTM,KEMBA,92.0,2540,32
NZAKL,KEMBA,1.0,2340,41
OMSLL,KEMBA,46.0,1250,13
PKBQM,KEMBA,62.0,1580,25
SAJED,KEMBA,50.0,1190,15
SGSIN,KEMBA,16.0,1770,27
TRAMB,KEMBA,13.0,2430,34
TWKHH,KEMBA,10.0,1770,33
USCHS,KEMBA,66.0,3410,40
USEWR,KEMBA,42.0,3490,43
USLAX,KEMBA,6.0,3700,48
USMIA,KEMBA,19.0,3530,46
UYMVD,KEMBA,6.0,2410,50
ZADUR,KEMBA,5.0,430,29
AEJEA,KRPUS,8.0,800,18
AOLAD,KRPUS,1.0,2620,55
AUBNE,KRPUS,145.0,1730,18
BEANR,KRPUS,12.0,1020,38
BEZEE,KRPUS,2.0,1060,39
BRSSZ,KRPUS,62.0,1700,41
CAVAN,KRPUS,397.0,1190,14
CLSAI,KRPUS,7.0,2620,39
CNSHA,KRPUS,3.0,460,4
CNTAO,KRPUS,9.0,480,5
CNYTN,KRPUS,10.0,620,6
DEBRV,KRPUS,189.0,1030,35
DEHAM,KRPUS,17.0,1100,35
ECGYE,KRPUS,27.0,2650,35
EGPSD,KRPUS,8.0,1070,36
ESALG,KRPUS,18.0,980,31
ESBCN,KRPUS,16.0,1060,52
GBFXT,KRPUS,63.0,1430,40
GHTKD,KRPUS,8.0,1420,37
HKHKG,KRPUS,50.0,210,7
INNSA,KRPUS,8.0,560,19
ITGIT,KRPUS,51.0,1020,41
JPYOK,KRPUS,59.0,750,4
KEMBA,KRPUS,9.0,1030,38
LKCMB,KRPUS,18.0,540,13
MAPTM,KRPUS,2.0,1070,46
MYTPP,KRPUS,45.0,450,9
NGAPP,KRPUS,13.0,1350,41
NLRTM,KRPUS,357.0,1030,33
NZAKL,KRPUS,42.0,1860,19
OMSLL,KRPUS,1.0,500,23
PABLB,KRPUS,53.0,1210,33
PAMIT,KRPUS,28.0,1140,30
SAJED,KRPUS,5.0,470,28
SGSIN,KRPUS,43.0,450,11
TRAMB,KRPUS,2.0,1070,50
TWKHH,KRPUS,10.0,480,10
USCHS,KRPUS,56.0,1730,38
USEWR,KRPUS,17.0,1700,49
USLAX,KRPUS,396.0,1150,23
USMIA,KRPUS,9.0,1450,45
UYMVD,KRPUS,27.0,1600,50
ZADUR,KRPUS,122.0,1050,29
AEJEA,LKCMB,278.0,470,10
AUBNE,LKCMB,12.0,1610,17
BEANR,LKCMB,31.0,1430,30
BEZEE,LKCMB,35.0,1380,29
BRSSZ,LKCMB,2.0,2240,42
CAMTR,LKCMB,21.0,2800,35
CAVAN,LKCMB,8.0,2000,44
CNSHA,LKCMB,212.0,1250,15
CNTAO,LKCMB,98.0,1330,19
CNYTN,LKCMB,59.0,1340,11
DEBRV,LKCMB,231.0,1480,28
DEHAM,LKCMB,13.0,1390,32
EGPSD,LKCMB,22.0,1320,16
ESALG,LKCMB,14.0,1410,22
ESBCN,LKCMB,1.0,1440,26
GBFXT,LKCMB,80.0,1550,25
GHTKD,LKCMB,78.0,2110,32
HKHKG,LKCMB,105.0,1390,13
INNSA,LKCMB,39.0,410,6
ITGIT,LKCMB,87.0,1420,16
JPYOK,LKCMB,38.0,2180,20
KEMBA,LKCMB,60.0,1220,24
KRPUS,LKCMB,206.0,1500,17
MAPTM,LKCMB,3.0,1440,30
MYPKG,LKCMB,3.0,1030,14
MYTPP,LKCMB,207.0,1090,5
NGAPP,LKCMB,153.0,1980,35
NLRTM,LKCMB,140.0,1440,26
NZAKL,LKCMB,33.0,1590,23
OMSLL,LKCMB,32.0,580,9
PABLB,LKCMB,3.0,1830,37
PAMIT,LKCMB,10.0,1820,43
PKBQM,LKCMB,22.0,620,19
SAJED,LKCMB,43.0,610,10
SGSIN,LKCMB,38.0,1090,11
TRAMB,LKCMB,10.0,1380,25
TWKHH,LKCMB,34.0,1060,18
USCHS,LKCMB,107.0,1560,33
USEWR,LKCMB,201.0,1640,36
USLAX,LKCMB,1.0,2030,38
USMIA,LKCMB,17.0,2130,40
ZADUR,LKCMB,45.0,1250,20
AEJEA,MAPTM,106.0,1570,18
BEANR,MAPTM,2.0,940,13
BEZEE,MAPTM,3.0,870,12
BRSSZ,MAPTM,14.0,1870,23
CAMTR,MAPTM,2.0,1650,21
CAVAN,MAPTM,3.0,2320,57
CNSHA,MAPTM,133.0,2730,38
CNTAO,MAPTM,25.0,3500,47
CNYTN,MAPTM,45.0,2830,50
DEBRV,MAPTM,106.0,840,5
DEHAM,MAPTM,6.0,850,10
EGPSD,MAPTM,27.0,410,8
ESALG,MAPTM,14.0,410,5
GBFXT,MAPTM,14.0,930,11
GHTKD,MAPTM,10.0,2130,16
HKHKG,MAPTM,23.0,2900,37
INNSA,MAPTM,18.0,2040,26
ITGIT,MAPTM,42.0,450,9
JPYOK,MAPTM,31.0,3450,45
KRPUS,MAPTM,21.0,3570,44
LKCMB,MAPTM,3.0,2080,34
MYPKG,MAPTM,3.0,2820,38
MYTPP,MAPTM,28.0,2730,29
NGAPP,MAPTM,12.0,2090,16
NLRTM,MAPTM,175.0,840,8
NZAKL,MAPTM,1.0,3570,50
OMSLL,MAPTM,5.0,1090,31
PABLB,MAPTM,4.0,2150,16
PKBQM,MAPTM,1.0,2230,35
SAJED,MAPTM,126.0,1010,10
SGSIN,MAPTM,1.0,2660,36
TRAMB,MAPTM,5.0,430,13
TWKHH,MAPTM,4.0,2830,42
USCHS,MAPTM,15.0,1810,22
USEWR,MAPTM,18.0,1600,16
USMIA,MAPTM,22.0,1820,19
UYMVD,MAPTM,1.0,1790,19
ZADUR,MAPTM,1.0,2010,39
AEJEA,MYPKG,1.0,310,18
AOLAD,MYPKG,2.0,1250,32
AUBNE,MYPKG,24.0,1200,13
BEANR,MYPKG,3.0,940,35
CAVAN,MYPKG,6.0,1420,35
CNSHA,MYPKG,115.0,520,12
CNTAO,MYPKG,14.0,790,12
CNYTN,MYPKG,20.0,410,7
DEBRV,MYPKG,40.0,890,32
DEHAM,MYPKG,76.0,930,36
EGPSD,MYPKG,1.0,950,25
ESALG,MYPKG,7.0,860,30
GBFXT,MYPKG,4.0,970,30
HKHKG,MYPKG,12.0,460,8
INNSA,MYPKG,4.0,360,12
ITGIT,MYPKG,12.0,890,22
JPYOK,MYPKG,49.0,970,16
KEMBA,MYPKG,4.0,850,26
KRPUS,MYPKG,33.0,830,12
LKCMB,MYPKG,2.0,470,12
MYTPP,MYPKG,124.0,400,3
NGAPP,MYPKG,33.0,1380,41
NLRTM,MYPKG,79.0,850,31
NZAKL,MYPKG,49.0,1060,24
PABLB,MYPKG,1.0,2330,38
SGSIN,MYPKG,13.0,390,4
TWKHH,MYPKG,38.0,420,11
USCHS,MYPKG,4.0,1680,47
USLAX,MYPKG,24.0,1460,36
UYMVD,MYPKG,3.0,2800,35
ZADUR,MYPKG,22.0,840,18
AEJEA,MYTPP,43.0,310,13
AOLAD,MYTPP,5.0,1320,24
AUBNE,MYTPP,214.0,1100,18
BEANR,MYTPP,16.0,1050,27
BEZEE,MYTPP,31.0,950,34
BRSSZ,MYTPP,39.0,2640,30
CAVAN,MYTPP,85.0,1450,25
CLSAI,MYTPP,14.0,3130,47
CNSHA,MYTPP,283.0,530,9
CNTAO,MYTPP,275.0,810,10
CNYTN,MYTPP,172.0,410,7
DEBRV,MYTPP,207.0,910,30
DEHAM,MYTPP,10.0,950,27
ECGYE,MYTPP,10.0,3190,43
EGPSD,MYTPP,12.0,990,25
ESALG,MYTPP,15.0,880,25
ESBCN,MYTPP,3.0,1110,47
GBFXT,MYTPP,53.0,860,28
GHTKD,MYTPP,109.0,1310,34
HKHKG,MYTPP,136.0,470,5
INNSA,MYTPP,108.0,270,12
ITGIT,MYTPP,99.0,910,23
JPYOK,MYTPP,351.0,1000,26
KEMBA,MYTPP,35.0,870,17
KRPUS,MYTPP,180.0,850,9
LKCMB,MYTPP,35.0,290,8
MAPTM,MYTPP,1.0,870,27
MYPKG,MYTPP,28.0,400,3
NGAPP,MYTPP,210.0,1240,31
NLRTM,MYTPP,274.0,790,29
NZAKL,MYTPP,128.0,1080,19
OMSLL,MYTPP,27.0,660,16
PABLB,MYTPP,19.0,1470,38
PAMIT,MYTPP,33.0,1440,41
SAJED,MYTPP,46.0,670,18
SGSIN,MYTPP,232.0,400,3
TRAMB,MYTPP,19.0,870,26
TWKHH,MYTPP,355.0,390,15
USCHS,MYTPP,62.0,1780,39
USEWR,MYTPP,13.0,1740,53
USLAX,MYTPP,227.0,1350,25
USMIA,MYTPP,1.0,1660,51
UYMVD,MYTPP,10.0,2770,41
ZADUR,MYTPP,164.0,780,30
AEJEA,NGAPP,359.0,2480,32
AUBNE,NGAPP,11.0,3160,53
BEANR,NGAPP,251.0,1710,18
BEZEE,NGAPP,4.0,1810,25
BRSSZ,NGAPP,103.0,3150,22
CAMTR,NGAPP,38.0,3200,44
CLSAI,NGAPP,5.0,2870,53
CNSHA,NGAPP,753.0,3550,39
CNTAO,NGAPP,383.0,3670,43
CNYTN,NGAPP,272.0,2880,34
DEBRV,NGAPP,195.0,1730,23
DEHAM,NGAPP,18.0,1650,26
ECGYE,NGAPP,5.0,3270,36
EGPSD,NGAPP,147.0,1700,21
ESALG,NGAPP,169.0,1740,11
ESBCN,NGAPP,18.0,1720,21
GBFXT,NGAPP,61.0,1690,21
GHTKD,NGAPP,10.0,900,10
HKHKG,NGAPP,488.0,2720,38
INNSA,NGAPP,226.0,2410,37
ITGIT,NGAPP,286.0,1770,20
JPYOK,NGAPP,68.0,4970,41
KEMBA,NGAPP,14.0,1180,52
KRPUS,NGAPP,277.0,3100,43
LKCMB,NGAPP,74.0,2400,38
MAPTM,NGAPP,36.0,1700,18
MYPKG,NGAPP,122.0,2460,33
MYTPP,NGAPP,414.0,2420,27
NLRTM,NGAPP,214.0,1660,19
NZAKL,NGAPP,28.0,3050,52
OMSLL,NGAPP,14.0,1960,31
PAMIT,NGAPP,2.0,3110,38
PKBQM,NGAPP,27.0,2520,37
SAJED,NGAPP,76.0,2000,27
SGSIN,NGAPP,87.0,2450,36
TRAMB,NGAPP,20.0,1730,25
TWKHH,NGAPP,39.0,2420,44
USCHS,NGAPP,101.0,2160,25
USEWR,NGAPP,103.0,2180,36
USLAX,NGAPP,15.0,2870,41
USMIA,NGAPP,98.0,2680,32
UYMVD,NGAPP,59.0,3210,35
ZADUR,NGAPP,87.0,1200,11
AEJEA,NLRTM,84.0,1640,26
AOLAD,NLRTM,1.0,1540,29
AUBNE,NLRTM,32.0,3190,42
BRSSZ,NLRTM,297.0,1920,21
CAMTR,NLRTM,67.0,1780,16
CAVAN,NLRTM,1.0,2840,57
CLSAI,NLRTM,114.0,2050,23
CNSHA,NLRTM,1.052,2960,34
CNTAO,NLRTM,402.0,2980,37
CNYTN,NLRTM,1.347,2840,30
DEBRV,NLRTM,40.0,420,3
ECGYE,NLRTM,277.0,2710,19
EGPSD,NLRTM,33.0,860,17
ESALG,NLRTM,69.0,860,4
ESBCN,NLRTM,1.0,970,15
GHTKD,NLRTM,25.0,1540,21
HKHKG,NLRTM,782.0,2690,29
INNSA,NLRTM,129.0,2000,24
ITGIT,NLRTM,68.0,790,11
JPYOK,NLRTM,882.0,3190,34
KEMBA,NLRTM,67.0,1990,36
KRPUS,NLRTM,92.0,3410,34
LKCMB,NLRTM,237.0,2000,23
MAPTM,NLRTM,18.0,870,12
MYPKG,NLRTM,32.0,2770,26
MYTPP,NLRTM,762.0,2660,25
NGAPP,NLRTM,57.0,1470,19
NZAKL,NLRTM,49.0,3220,40
OMSLL,NLRTM,4.0,1560,35
PABLB,NLRTM,1.0,3020,26
PAMIT,NLRTM,289.0,1670,16
PKBQM,NLRTM,42.0,1970,32
SAJED,NLRTM,17.0,1400,21
SGSIN,NLRTM,57.0,2740,32
TRAMB,NLRTM,36.0,850,18
TWKHH,NLRTM,141.0,2770,32
USCHS,NLRTM,516.0,1220,17
USEWR,NLRTM,77.0,1240,13
USLAX,NLRTM,1.0,2360,57
USMIA,NLRTM,227.0,1680,14
UYMVD,NLRTM,125.0,1910,23
ZADUR,NLRTM,328.0,2020,28
AEJEA,NZAKL,46.0,2010,25
AUBNE,NZAKL,391.0,390,5
BEANR,NZAKL,12.0,2600,49
BEZEE,NZAKL,6.0,2350,47
CAVAN,NZAKL,2.0,4190,23
CLSAI,NZAKL,10.0,3920,30
CNSHA,NZAKL,69.0,2560,22
CNTAO,NZAKL,30.0,2560,29
CNYTN,NZAKL,110.0,2270,20
DEBRV,NZAKL,59.0,2430,43
DEHAM,NZAKL,10.0,2410,49
ECGYE,NZAKL,30.0,3910,27
EGPSD,NZAKL,4.0,2500,38
ESALG,NZAKL,10.0,2400,45
ESBCN,NZAKL,5.0,2550,51
GBFXT,NZAKL,56.0,2550,49
HKHKG,NZAKL,54.0,2320,18
INNSA,NZAKL,4.0,2020,37
ITGIT,NZAKL,43.0,2440,37
JPYOK,NZAKL,63.0,2230,28
KEMBA,NZAKL,1.0,2600,58
KRPUS,NZAKL,15.0,2160,26
LKCMB,NZAKL,1.0,2010,27
MYPKG,NZAKL,15.0,1950,20
MYTPP,NZAKL,70.0,2070,16
NLRTM,NZAKL,106.0,2430,42
OMSLL,NZAKL,7.0,2080,52
PABLB,NZAKL,6.0,4220,33
PAMIT,NZAKL,1.0,4290,26
PKBQM,NZAKL,6.0,2040,34
SAJED,NZAKL,14.0,2090,36
SGSIN,NZAKL,50.0,1970,15
TRAMB,NZAKL,3.0,2430,54
TWKHH,NZAKL,8.0,1990,27
USCHS,NZAKL,46.0,4040,31
USLAX,NZAKL,18.0,3880,19
USMIA,NZAKL,3.0,4210,33
ZADUR,NZAKL,5.0,2510,41
AEJEA,OMSLL,92.0,650,7
AUBNE,OMSLL,28.0,1880,36
BEANR,OMSLL,43.0,1220,31
BEZEE,OMSLL,8.0,1180,23
BRSSZ,OMSLL,103.0,2510,47
CAMTR,OMSLL,14.0,2390,50
CAVAN,OMSLL,7.0,1580,54
CNSHA,OMSLL,106.0,1790,22
CNTAO,OMSLL,64.0,2190,36
CNYTN,OMSLL,93.0,1290,18
DEBRV,OMSLL,76.0,1120,24
DEHAM,OMSLL,17.0,1200,22
EGPSD,OMSLL,48.0,840,8
ESALG,OMSLL,8.0,840,22
ESBCN,OMSLL,1.0,810,70
GBFXT,OMSLL,33.0,1160,25
HKHKG,OMSLL,122.0,1220,18
INNSA,OMSLL,35.0,700,4
ITGIT,OMSLL,74.0,870,12
JPYOK,OMSLL,45.0,2380,25
KEMBA,OMSLL,7.0,1240,11
KRPUS,OMSLL,66.0,1850,25
LKCMB,OMSLL,22.0,690,6
MAPTM,OMSLL,2.0,850,30
MYPKG,OMSLL,6.0,1080,25
MYTPP,OMSLL,65.0,1060,17
NGAPP,OMSLL,8.0,1570,34
NLRTM,OMSLL,100.0,1120,22
NZAKL,OMSLL,24.0,1820,46
PKBQM,OMSLL,5.0,830,21
SAJED,OMSLL,1.0,2230,15
SGSIN,OMSLL,7.0,1040,27
TRAMB,OMSLL,9.0,850,24
TWKHH,OMSLL,8.0,1080,35
USCHS,OMSLL,105.0,1150,44
USEWR,OMSLL,56.0,1140,33
USLAX,OMSLL,3.0,1480,57
USMIA,OMSLL,28.0,1060,45
UYMVD,OMSLL,9.0,2520,52
ZADUR,OMSLL,47.0,1280,26
AEJEA,PABLB,1.0,2870,57
AUBNE,PABLB,1.0,2160,40
CLSAI,PABLB,54.0,600,8
CNSHA,PABLB,429.0,1660,28
CNTAO,PABLB,150.0,1440,30
CNYTN,PABLB,320.0,1600,32
DEBRV,PABLB,4.0,2470,32
ECGYE,PABLB,25.0,610,4
ESALG,PABLB,2.0,2060,24
GBFXT,PABLB,1.0,2340,25
HKHKG,PABLB,271.0,1670,31
INNSA,PABLB,7.0,2290,40
JPYOK,PABLB,67.0,1850,24
KRPUS,PABLB,272.0,1450,25
LKCMB,PABLB,3.0,2630,37
MYPKG,PABLB,6.0,1540,36
MYTPP,PABLB,137.0,1500,33
NLRTM,PABLB,5.0,2420,24
NZAKL,PABLB,6.0,1840,23
OMSLL,PABLB,3.0,2930,45
PAMIT,PABLB,7.0,720,4
PKBQM,PABLB,5.0,2420,38
SAJED,PABLB,2.0,2560,36
TWKHH,PABLB,30.0,1530,28
USCHS,PABLB,52.0,2070,9
USEWR,PABLB,14.0,2080,13
USLAX,PABLB,67.0,420,17
USMIA,PABLB,31.0,1210,5
ZADUR,PABLB,1.0,3270,42
AEJEA,PAMIT,3.0,3090,37
AUBNE,PAMIT,22.0,1730,28
BEANR,PAMIT,138.0,2000,13
BRSSZ,PAMIT,274.0,880,16
CLSAI,PAMIT,49.0,820,13
CNSHA,PAMIT,311.0,1540,31
CNTAO,PAMIT,274.0,1340,35
CNYTN,PAMIT,304.0,1690,35
DEBRV,PAMIT,22.0,2020,19
DEHAM,PAMIT,9.0,2010,21
ECGYE,PAMIT,38.0,1040,11
EGPSD,PAMIT,4.0,1130,34
ESALG,PAMIT,40.0,920,16
ESBCN,PAMIT,4.0,960,17
GBFXT,PAMIT,22.0,1720,20
HKHKG,PAMIT,188.0,1540,36
INNSA,PAMIT,22.0,2020,31
ITGIT,PAMIT,21.0,1010,19
JPYOK,PAMIT,29.0,1900,29
KRPUS,PAMIT,107.0,1340,30
LKCMB,PAMIT,1.0,2870,45
MYPKG,PAMIT,3.0,2810,43
MYTPP,PAMIT,62.0,1400,33
NGAPP,PAMIT,4.0,2890,42
NLRTM,PAMIT,146.0,1890,19
NZAKL,PAMIT,56.0,1570,28
OMSLL,PAMIT,4.0,2860,56
PABLB,PAMIT,25.0,710,4
PKBQM,PAMIT,14.0,1990,40
SAJED,PAMIT,2.0,2560,28
SGSIN,PAMIT,6.0,1480,35
TWKHH,PAMIT,66.0,1420,32
USCHS,PAMIT,308.0,1330,7
USEWR,PAMIT,47.0,1330,9
USLAX,PAMIT,114.0,430,22
USMIA,PAMIT,197.0,580,4
UYMVD,PAMIT,76.0,870,27
ZADUR,PAMIT,2.0,2960,44
AEJEA,PKBQM,31.0,460,12
AUBNE,PKBQM,20.0,1620,33
BEANR,PKBQM,19.0,1440,22
BEZEE,PKBQM,4.0,1500,30
BRSSZ,PKBQM,31.0,2250,45
CAMTR,PKBQM,20.0,2760,53
CAVAN,PKBQM,20.0,1910,51
CNSHA,PKBQM,56.0,1240,25
CNTAO,PKBQM,29.0,1350,33
CNYTN,PKBQM,57.0,1260,20
DEBRV,PKBQM,205.0,1500,30
DEHAM,PKBQM,4.0,1460,35
EGPSD,PKBQM,41.0,1400,15
ESALG,PKBQM,26.0,1360,26
ESBCN,PKBQM,9.0,1350,33
GBFXT,PKBQM,67.0,1510,32
GHTKD,PKBQM,3.0,2100,48
HKHKG,PKBQM,109.0,1260,20
INNSA,PKBQM,61.0,410,3
ITGIT,PKBQM,69.0,1420,18
JPYOK,PKBQM,67.0,2150,31
KEMBA,PKBQM,6.0,1170,21
KRPUS,PKBQM,29.0,1580,27
LKCMB,PKBQM,5.0,390,13
MAPTM,PKBQM,3.0,1460,34
MYPKG,PKBQM,2.0,1030,21
MYTPP,PKBQM,73.0,1060,14
NGAPP,PKBQM,1.0,2370,41
NLRTM,PKBQM,86.0,1390,25
NZAKL,PKBQM,8.0,1700,33
OMSLL,PKBQM,32.0,720,15
SAJED,PKBQM,84.0,580,11
SGSIN,PKBQM,7.0,1030,23
TRAMB,PKBQM,20.0,1420,31
TWKHH,PKBQM,5.0,1020,27
USCHS,PKBQM,85.0,1540,30
USEWR,PKBQM,74.0,1640,30
USLAX,PKBQM,9.0,1850,44
USMIA,PKBQM,56.0,2130,70
UYMVD,PKBQM,1.0,2360,42
ZADUR,PKBQM,12.0,1220,24
AEJEA,SAJED,189.0,690,11
AUBNE,SAJED,24.0,1810,32
BEANR,SAJED,57.0,1230,16
BEZEE,SAJED,33.0,1170,17
BRSSZ,SAJED,242.0,2470,34
CAMTR,SAJED,24.0,2410,39
CAVAN,SAJED,41.0,1640,50
CLSAI,SAJED,5.0,2440,45
CNSHA,SAJED,186.0,1800,29
CNTAO,SAJED,113.0,2230,32
CNYTN,SAJED,188.0,1650,24
DEBRV,SAJED,206.0,1150,15
DEHAM,SAJED,10.0,1190,17
EGPSD,SAJED,87.0,810,3
ESALG,SAJED,54.0,820,11
ESBCN,SAJED,6.0,860,21
GBFXT,SAJED,54.0,1150,16
HKHKG,SAJED,122.0,1350,25
INNSA,SAJED,206.0,660,9
ITGIT,SAJED,171.0,850,8
JPYOK,SAJED,41.0,2380,30
KEMBA,SAJED,44.0,1270,20
KRPUS,SAJED,83.0,1850,31
LKCMB,SAJED,33.0,660,12
MAPTM,SAJED,18.0,800,16
MYPKG,SAJED,18.0,1030,17
MYTPP,SAJED,117.0,1040,18
NGAPP,SAJED,16.0,1690,28
NLRTM,SAJED,345.0,1180,19
NZAKL,SAJED,22.0,1780,39
OMSLL,SAJED,41.0,420,7
PKBQM,SAJED,50.0,650,13
SGSIN,SAJED,6.0,1010,22
TRAMB,SAJED,53.0,840,17
TWKHH,SAJED,7.0,1020,32
USCHS,SAJED,225.0,1180,23
USEWR,SAJED,70.0,1160,30
USLAX,SAJED,11.0,1390,51
USMIA,SAJED,73.0,980,30
UYMVD,SAJED,19.0,2460,39
ZADUR,SAJED,63.0,1220,24
AEJEA,SGSIN,22.0,300,17
AOLAD,SGSIN,2.0,1410,24
AUBNE,SGSIN,31.0,1190,18
BEANR,SGSIN,9.0,890,28
BEZEE,SGSIN,5.0,930,37
BRSSZ,SGSIN,55.0,2720,31
CAVAN,SGSIN,9.0,1560,34
CLSAI,SGSIN,7.0,2940,47
CNSHA,SGSIN,34.0,500,8
CNTAO,SGSIN,49.0,750,12
CNYTN,SGSIN,2.0,400,6
DEBRV,SGSIN,32.0,940,29
DEHAM,SGSIN,12.0,950,34
ECGYE,SGSIN,1.0,3110,44
EGPSD,SGSIN,1.0,880,18
ESALG,SGSIN,14.0,890,32
ESBCN,SGSIN,2.0,850,41
GBFXT,SGSIN,2.0,760,31
GHTKD,SGSIN,48.0,1650,36
HKHKG,SGSIN,91.0,480,6
INNSA,SGSIN,4.0,280,16
ITGIT,SGSIN,15.0,840,23
JPYOK,SGSIN,19.0,1000,11
KEMBA,SGSIN,1.0,940,25
KRPUS,SGSIN,43.0,780,10
LKCMB,SGSIN,4.0,280,8
MYPKG,SGSIN,1.0,420,3
MYTPP,SGSIN,61.0,420,3
NGAPP,SGSIN,2.0,1230,33
NLRTM,SGSIN,170.0,820,27
NZAKL,SGSIN,37.0,1100,15
OMSLL,SGSIN,42.0,730,31
PABLB,SGSIN,1.0,1950,37
PAMIT,SGSIN,4.0,1880,64
SAJED,SGSIN,45.0,590,17
TRAMB,SGSIN,1.0,920,35
TWKHH,SGSIN,34.0,410,7
USCHS,SGSIN,13.0,1710,46
USEWR,SGSIN,4.0,1630,44
USLAX,SGSIN,29.0,1350,26
USMIA,SGSIN,2.0,1590,44
UYMVD,SGSIN,12.0,2730,41
ZADUR,SGSIN,37.0,850,21
AEJEA,TRAMB,38.0,1500,14
AUBNE,TRAMB,2.0,3390,51
BEANR,TRAMB,160.0,800,14
BEZEE,TRAMB,3.0,800,18
BRSSZ,TRAMB,45.0,1820,42
CAMTR,TRAMB,7.0,1980,70
CLSAI,TRAMB,1.0,2090,47
CNSHA,TRAMB,277.0,2790,33
CNTAO,TRAMB,62.0,3420,38
CNYTN,TRAMB,127.0,2800,28
DEBRV,TRAMB,286.0,820,17
DEHAM,TRAMB,3.0,820,21
EGPSD,TRAMB,1.0,400,10
ESALG,TRAMB,10.0,390,16
ESBCN,TRAMB,3.0,730,19
GBFXT,TRAMB,20.0,850,23
HKHKG,TRAMB,121.0,2730,29
INNSA,TRAMB,30.0,2050,20
ITGIT,TRAMB,32.0,400,10
JPYOK,TRAMB,241.0,3520,39
KEMBA,TRAMB,2.0,2040,26
KRPUS,TRAMB,89.0,3380,34
LKCMB,TRAMB,27.0,2060,25
MYPKG,TRAMB,19.0,2660,22
MYTPP,TRAMB,149.0,2670,22
NGAPP,TRAMB,2.0,2210,33
NLRTM,TRAMB,61.0,840,20
NZAKL,TRAMB,8.0,3520,51
OMSLL,TRAMB,32.0,1090,23
PKBQM,TRAMB,19.0,2150,27
SAJED,TRAMB,38.0,1030,12
SGSIN,TRAMB,4.0,2670,28
TWKHH,TRAMB,106.0,2630,35
USCHS,TRAMB,50.0,1630,22
USEWR,TRAMB,31.0,1680,27
USLAX,TRAMB,4.0,2510,55
USMIA,TRAMB,22.0,1900,33
UYMVD,TRAMB,1.0,1880,34
ZADUR,TRAMB,19.0,2100,37
AEJEA,TWKHH,3.0,320,26
AOLAD,TWKHH,1.0,1440,41
AUBNE,TWKHH,47.0,1040,16
BRSSZ,TWKHH,6.0,2530,45
CAVAN,TWKHH,34.0,1440,21
CLSAI,TWKHH,17.0,2920,42
CNSHA,TWKHH,2.0,2470,8
CNYTN,TWKHH,101.0,590,6
DEBRV,TWKHH,134.0,900,39
DEHAM,TWKHH,26.0,940,40
ECGYE,TWKHH,25.0,2950,36
ESALG,TWKHH,25.0,880,32
GBFXT,TWKHH,11.0,760,36
GHTKD,TWKHH,17.0,1390,45
HKHKG,TWKHH,27.0,540,4
ITGIT,TWKHH,31.0,890,30
JPYOK,TWKHH,20.0,960,6
KEMBA,TWKHH,1.0,930,31
KRPUS,TWKHH,10.0,840,10
LKCMB,TWKHH,7.0,270,17
MYTPP,TWKHH,175.0,410,9
NGAPP,TWKHH,25.0,1510,43
NLRTM,TWKHH,148.0,790,37
NZAKL,TWKHH,28.0,1110,28
OMSLL,TWKHH,2.0,610,36
PABLB,TWKHH,34.0,1420,30
PAMIT,TWKHH,101.0,1390,35
SAJED,TWKHH,1.0,600,31
SGSIN,TWKHH,32.0,420,12
TRAMB,TWKHH,1.0,910,37
USCHS,TWKHH,46.0,1760,40
USEWR,TWKHH,32.0,1640,47
USLAX,TWKHH,233.0,1370,25
USMIA,TWKHH,3.0,1540,35
UYMVD,TWKHH,11.0,2560,50
ZADUR,TWKHH,43.0,840,27
AEJEA,USCHS,80.0,2300,35
AUBNE,USCHS,98.0,2460,32
BEANR,USCHS,10.0,1720,12
CLSAI,USCHS,57.0,1670,15
CNSHA,USCHS,255.0,2270,34
CNTAO,USCHS,158.0,2190,38
CNYTN,USCHS,409.0,2280,38
DEBRV,USCHS,293.0,1800,15
DEHAM,USCHS,1.0,1790,20
ECGYE,USCHS,17.0,1960,13
EGPSD,USCHS,80.0,1540,22
ESALG,USCHS,59.0,1540,15
ESBCN,USCHS,4.0,1570,20
GBFXT,USCHS,64.0,1450,17
GHTKD,USCHS,1.0,2440,35
HKHKG,USCHS,146.0,2230,39
INNSA,USCHS,284.0,2290,26
ITGIT,USCHS,201.0,1500,22
JPYOK,USCHS,19.0,3040,31
KEMBA,USCHS,14.0,2340,40
KRPUS,USCHS,24.0,2250,32
LKCMB,USCHS,300.0,2290,36
MAPTM,USCHS,1.0,1630,16
MYPKG,USCHS,14.0,2160,37
MYTPP,USCHS,264.0,2170,33
NGAPP,USCHS,17.0,2230,30
NLRTM,USCHS,354.0,1710,19
NZAKL,USCHS,123.0,2550,28
OMSLL,USCHS,40.0,1890,27
PABLB,USCHS,12.0,1940,12
PAMIT,USCHS,231.0,1310,10
PKBQM,USCHS,187.0,2170,31
SAJED,USCHS,29.0,2010,23
SGSIN,USCHS,5.0,2220,39
TRAMB,USCHS,18.0,1560,27
TWKHH,USCHS,56.0,2190,38
ZADUR,USCHS,150.0,2450,38
AEJEA,USEWR,54.0,2350,35
AOLAD,USEWR,1.0,2130,27
AUBNE,USEWR,9.0,2540,48
BEANR,USEWR,49.0,1760,20
CLSAI,USEWR,75.0,1710,18
CNSHA,USEWR,265.0,2330,40
CNTAO,USEWR,124.0,2250,47
CNYTN,USEWR,421.0,2340,36
DEBRV,USEWR,202.0,1840,13
ECGYE,USEWR,90.0,1690,15
EGPSD,USEWR,45.0,1520,18
ESALG,USEWR,86.0,1470,20
GBFXT,USEWR,48.0,1490,15
GHTKD,USEWR,9.0,2370,23
HKHKG,USEWR,211.0,2300,33
INNSA,USEWR,218.0,2350,27
ITGIT,USEWR,318.0,1540,20
JPYOK,USEWR,6.0,2880,38
KEMBA,USEWR,22.0,2400,38
KRPUS,USEWR,7.0,2130,40
LKCMB,USEWR,194.0,2180,33
MAPTM,USEWR,2.0,1520,19
MYPKG,USEWR,3.0,2210,35
MYTPP,USEWR,165.0,2220,31
NGAPP,USEWR,61.0,2040,23
NLRTM,USEWR,213.0,1750,16
NZAKL,USEWR,12.0,2370,28
OMSLL,USEWR,19.0,1940,24
PABLB,USEWR,17.0,1790,18
PAMIT,USEWR,1.0,1500,14
PKBQM,USEWR,141.0,2230,32
SAJED,USEWR,54.0,1880,23
SGSIN,USEWR,11.0,2270,39
TRAMB,USEWR,21.0,1500,26
TWKHH,USEWR,41.0,2240,43
ZADUR,USEWR,193.0,2470,26
AEJEA,USLAX,11.0,2060,37
AUBNE,USLAX,51.0,1640,19
BEANR,USLAX,12.0,2190,31
BRSSZ,USLAX,3.0,3150,28
CLSAI,USLAX,50.0,830,21
CNSHA,USLAX,1.206,1610,25
CNTAO,USLAX,668.0,1330,22
CNYTN,USLAX,1.865,1620,20
DEBRV,USLAX,62.0,2180,33
ECGYE,USLAX,78.0,800,15
EGPSD,USLAX,2.0,2360,48
GBFXT,USLAX,35.0,1900,37
HKHKG,USLAX,924.0,1590,19
INNSA,USLAX,51.0,1940,43
ITGIT,USLAX,7.0,2430,55
JPYOK,USLAX,473.0,1900,16
KEMBA,USLAX,2.0,2930,59
KRPUS,USLAX,421.0,1420,20
LKCMB,USLAX,64.0,1940,30
MYPKG,USLAX,77.0,1540,32
MYTPP,USLAX,991.0,1400,25
NLRTM,USLAX,71.0,2010,26
NZAKL,USLAX,55.0,1790,25
OMSLL,USLAX,1.0,2350,47
PABLB,USLAX,63.0,420,10
PAMIT,USLAX,46.0,400,12
PKBQM,USLAX,10.0,2030,43
SAJED,USLAX,4.0,2520,43
SGSIN,USLAX,34.0,1430,28
TWKHH,USLAX,162.0,1440,23
ZADUR,USLAX,3.0,2830,37
AEJEA,USMIA,33.0,2910,43
AUBNE,USMIA,9.0,3240,55
BEANR,USMIA,19.0,1940,20
CLSAI,USMIA,41.0,850,17
CNSHA,USMIA,61.0,3010,32
CNTAO,USMIA,109.0,2780,39
CNYTN,USMIA,107.0,2900,37
DEBRV,USMIA,166.0,1790,22
ECGYE,USMIA,15.0,820,10
EGPSD,USMIA,34.0,790,29
ESALG,USMIA,68.0,840,19
ESBCN,USMIA,4.0,980,24
GBFXT,USMIA,55.0,1550,25
HKHKG,USMIA,100.0,2880,37
INNSA,USMIA,84.0,2660,44
ITGIT,USMIA,126.0,950,24
JPYOK,USMIA,4.0,2820,30
KRPUS,USMIA,13.0,2690,30
LKCMB,USMIA,47.0,2730,45
MYPKG,USMIA,3.0,2660,46
MYTPP,USMIA,100.0,2680,41
NGAPP,USMIA,9.0,2520,30
NLRTM,USMIA,207.0,1830,17
NZAKL,USMIA,5.0,3200,36
OMSLL,USMIA,2.0,2760,54
PABLB,USMIA,3.0,980,7
PAMIT,USMIA,116.0,560,4
PKBQM,USMIA,28.0,2790,48
SAJED,USMIA,3.0,2690,29
SGSIN,USMIA,2.0,2730,45
TRAMB,USMIA,9.0,770,29
TWKHH,USMIA,18.0,2760,35
AEJEA,UYMVD,14.0,2720,40
AUBNE,UYMVD,2.0,3630,64
BEANR,UYMVD,27.0,1760,23
BEZEE,UYMVD,5.0,1700,23
CNSHA,UYMVD,120.0,3970,50
CNTAO,UYMVD,11.0,3620,57
CNYTN,UYMVD,62.0,4040,45
DEBRV,UYMVD,21.0,1840,24
DEHAM,UYMVD,13.0,1770,24
ESALG,UYMVD,23.0,1970,23
ESBCN,UYMVD,1.0,1920,24
GBFXT,UYMVD,9.0,2190,25
HKHKG,UYMVD,68.0,3990,38
INNSA,UYMVD,17.0,2720,46
ITGIT,UYMVD,19.0,1910,29
JPYOK,UYMVD,45.0,3610,42
KRPUS,UYMVD,21.0,3900,42
LKCMB,UYMVD,7.0,2700,43
MYPKG,UYMVD,1.0,4180,46
MYTPP,UYMVD,30.0,4030,33
NGAPP,UYMVD,1.0,3390,38
NLRTM,UYMVD,21.0,1700,26
PAMIT,UYMVD,3.0,2310,26
PKBQM,UYMVD,2.0,2780,56
SAJED,UYMVD,6.0,1880,29
SGSIN,UYMVD,2.0,4160,40
TRAMB,UYMVD,4.0,1950,42
TWKHH,UYMVD,13.0,3950,51
AEJEA,ZADUR,184.0,1590,22
AUBNE,ZADUR,20.0,2470,22
BEANR,ZADUR,159.0,2460,27
BEZEE,ZADUR,21.0,2430,29
BRSSZ,ZADUR,202.0,2360,13
CAMTR,ZADUR,6.0,3680,46
CAVAN,ZADUR,2.0,3730,42
CLSAI,ZADUR,1.0,4180,58
CNSHA,ZADUR,493.0,2630,22
CNTAO,ZADUR,264.0,2480,29
CNYTN,ZADUR,251.0,1890,19
DEBRV,ZADUR,493.0,2470,31
DEHAM,ZADUR,2.0,2340,39
ECGYE,ZADUR,1.0,4550,60
EGPSD,ZADUR,63.0,2330,26
ESALG,ZADUR,79.0,2380,21
ESBCN,ZADUR,22.0,2370,28
GBFXT,ZADUR,88.0,2460,24
GHTKD,ZADUR,4.0,2060,25
HKHKG,ZADUR,507.0,1960,20
INNSA,ZADUR,309.0,1550,14
ITGIT,ZADUR,103.0,2480,23
JPYOK,ZADUR,227.0,3590,29
KEMBA,ZADUR,29.0,410,27
KRPUS,ZADUR,215.0,2210,27
LKCMB,ZADUR,61.0,1640,22
MAPTM,ZADUR,1.0,2470,37
MYPKG,ZADUR,35.0,1800,19
MYTPP,ZADUR,422.0,1720,19
NGAPP,ZADUR,2.0,1770,22
NLRTM,ZADUR,250.0,2470,25
NZAKL,ZADUR,5.0,2250,30
OMSLL,ZADUR,17.0,1280,32
PABLB,ZADUR,2.0,3980,49
PAMIT,ZADUR,2.0,3380,43
PKBQM,ZADUR,64.0,1640,25
SAJED,ZADUR,38.0,1280,21
SGSIN,ZADUR,63.0,1760,16
TRAMB,ZADUR,24.0,2360,27
TWKHH,ZADUR,49.0,1810,24
USCHS,ZADUR,269.0,3350,25
USEWR,ZADUR,84.0,3450,30
USLAX,ZADUR,15.0,3720,41
USMIA,ZADUR,10.0,3580,43
UYMVD,ZADUR,37.0,2300,26
